<?xml version="1.0" encoding="UTF-8" standalone="yes"?>
<addon id="repository.reasonsrepo" name="Reasons Repository" version="0.0.1" provider-name="Reasons Repo">
	<extension point="xbmc.addon.repository" name="Reasons Repository">
		<dir>
			<info compressed="false">https://raw.githubusercontent.com/noobsandnerds/modules4all/master/zips/addons.xml</info>
			<checksum>https://raw.githubusercontent.com/noobsandnerds/modules4all/master/zips/addons.xml.md5</checksum>
			<datadir zip="true">https://raw.githubusercontent.com/noobsandnerds/modules4all/master/zips/</datadir>
		</dir>
		<info compressed="false">https://raw.githubusercontent.com/reasonsrepo/repository.reasonsrepo/master/zips/addons.xml</info>
		<checksum>https://raw.githubusercontent.com/reasonsrepo/repository.reasonsrepo/master/zips/addons.xml.md5</checksum>
		<datadir zip="true">https://raw.githubusercontent.com/reasonsrepo/repository.reasonsrepo/master/zips/</datadir>
	</extension>
	<extension point="xbmc.addon.metadata">
		<summary lang="en">A Brand new Kodi Repository</summary>
		<description lang="en">Download all new addons</description>
		<genre></genre>
	</extension>
</addon>