<?xml version="1.0" encoding="UTF-8" standalone="yes"?>
<addon id="plugin.video.animedubbedreasonsrp" name="Anime Dubbed" version="1.0.0" provider-name="Reasons">
  <requires>
    <import addon="xbmc.python" version="2.1.0"/>
    <import addon="script.module.urlresolver"  version="3.0.0"/>
    <import addon="script.module.addon.common" />
    <import addon="script.module.metahandler" version="2.5.1"/>
    <import addon="repository.reasonsrepo" version="1.0.0"/>
    <import addon="script.module.requests" version="2.4.3"/>
    <import addon="script.module.beautifulsoup" version="3.2.1"/>
    </requires>
  <extension point="xbmc.python.pluginsource" library="default.py">
		<provides>video</provides>
  </extension>
  <extension point="xbmc.addon.metadata">
  <summary>Watch any dubbed anime for free</summary>
	<description lang="en">Watch any dubbed and subbed anime shows/movies for free</description>
	<disclaimer lang="en">Dubbed Anime addon is a web scraper coded to crawl and index dubbedanime.net. This addon doesn't host any content therefore ReasonsRepo is not responsible for the accuracy, compliance, copyright, legality, decency, or any other aspect of the content from the scraped sites.</disclaimer>
  <news>[B]Version 1.0.0 - 25 Aug 2018[/B] - Initial Release</news>
	<platform>all</platform>
  </extension>
</addon>
