<?xml version="1.0" encoding="UTF-8"?>
<addon id="repository.reasonsrepo" name="[COLOR pink]Reasons[/COLOR] Repo" version="1.0.0" provider-name="reasons">
    <extension point="xbmc.addon.repository" name="[COLOR pink]Reasons Repository[/COLOR]">
    <dir>
        <info compressed="false">https://github.com/tvaddonsco/tva-resolvers-repo/raw/master/addons.xml</info>
        <checksum>https://github.com/tvaddonsco/tva-resolvers-repo/raw/master/addons.xml.md5</checksum>
        <datadir zip="true">https://github.com/tvaddonsco/tva-resolvers-repo/raw/master/zips/</datadir>
    </dir>
        <info compressed="false">https://raw.githubusercontent.com/reasonsrepo/repository.reasonsrepo/master/zips/addons.xml</info>
        <checksum>https://raw.githubusercontent.com/reasonsrepo/repository.reasonsrepo/master/zips/addons.xml.md5</checksum>
        <datadir zip="true">https://raw.githubusercontent.com/reasonsrepo/repository.reasonsrepo/tree/master/zips</datadir>
    </extension>
    <extension point="xbmc.addon.metadata">
        <summary>Unofficial Addons for Kodi</summary>
        <description>Would you care for some salt with that fork?</description>
        <platform>all</platform>
    </extension>
</addon>