<?xml version="1.0" encoding="UTF-8" standalone="yes"?>
<addon id="plugin.video.reasonshdvix" name="HDVix Movies" version="1.0.0" provider-name="Reasons">
  <requires>
    <import addon="xbmc.python" version="2.1.0"/>
    <import addon="script.module.urlresolver"  version="3.0.0"/>
    <import addon="script.module.addon.common" />
    <import addon="script.module.metahandler" version="2.5.1"/>
    <import addon="repository.reasonsrepo" version="1.0.0"/>
    <import addon="script.module.requests" version="2.4.3"/>
    <import addon="script.module.beautifulsoup" version="3.2.1"/>
    </requires>
  <extension point="xbmc.python.pluginsource" library="default.py">
		<provides>video</provides>
  </extension>
  <extension point="xbmc.addon.metadata">
  <summary>HDVix Movies</summary>
	<description lang="en">This is a brand new addon to watch movies from HDVIX.com</description>
	<disclaimer lang="en">This addon doesn't host any content, so ReasonsRepository is not responsible for any copyrighted content. So don't sue the developer :P </disclaimer>
  <news>[B]Version 1.0.0 - 16 Sept 2018[/B] - Initial Release</news>
	<platform>all</platform>
  </extension>
</addon>
