<?xml version="1.0" encoding="UTF-8"?>
<addon id="plugin.video.movierulz"
version="0.1.0"
name="Movie Rulz"
provider-name="Reasons">
<requires>
  <import addon="xbmc.python" version="2.24.0"/>
  <import addon="script.module.requests" version="2.4.3"/>
  <import addon="script.module.beautifulsoup" version="3.2.1"/>
  <import addon="script.module.urlresolver" version="3.0.0"/>
  <import addon="script.module.resolveurl" version="5.0.00"/>
  <import addon="repository.reasonsrepo" version="1.0.0"/>

  
</requires>
<extension point="xbmc.python.pluginsource" library="main.py">
  <provides>video</provides>
</extension>
<extension point="xbmc.addon.metadata">
  <summary>Movie Rulz</summary>
  <description>Movie Rulz is a popular site to watch English and Hindi Movies for free</description>
  <disclaimer>This addon searches movierulz.pe to find movie link. The addon itself doesn't host any content. For now, we have no plan on adding Telegue or other language links in this addon.</disclaimer>
	<news>[B]Version 0.1.0 - 11th May 2018[/B] - Initial Release</news>
	<assets>
		<icon>icon.png</icon>
		<fanart>fanart.jpg</fanart>
		<!-- <screenshot>resources/images/screenshot-01.jpg</screenshot>
		<screenshot>resources/images/screenshot-02.jpg</screenshot>
		<screenshot>resources/images/screenshot-03.jpg</screenshot> -->
	</assets>
  </extension>
</addon>
