<?xml version="1.0" encoding="UTF-8" standalone="yes"?>
<addon id="plugin.video.reasonsrepotestaddon" name="Reasons Repo Test Addon" version="0.00.0" provider-name="Reasons">
  <requires>
    <import addon="xbmc.python" version="2.1.0"/>
    <import addon="script.module.urlresolver"  version="3.0.0"/>
    <import addon="script.module.addon.common" />
    <import addon="script.module.metahandler" version="2.5.1"/>
    <import addon="repository.reasonsrepo" version="1.0.0"/>
    </requires>
  <extension point="xbmc.python.pluginsource" library="default.py">
		<provides>video</provides>
  </extension>
  <extension point="xbmc.addon.metadata">
  <summary>Do Not Install Me</summary>
	<description lang="en">Please dont review me</description>
	<disclaimer lang="en">I am buggy</disclaimer>
  <news>I am SAD</news>
	<platform>all</platform>
  </extension>
</addon>
