<?xml version="1.0" encoding="UTF-8" standalone="yes"?>
<addon id="plugin.video.reasonsfmovies" name="fMovies" version="1.0.1" provider-name="Reasons">
  <requires>
    <import addon="xbmc.python" version="2.1.0"/>
    <import addon="script.module.urlresolver"  version="3.0.0"/>
    <import addon="script.module.addon.common" />
    <import addon="script.module.metahandler" version="2.5.1"/>
    <import addon="repository.reasonsrepo" version="1.0.0"/>
    <import addon="script.module.requests" version="2.4.3"/>
    <import addon="script.module.beautifulsoup" version="3.2.1"/>
    </requires>
  <extension point="xbmc.python.pluginsource" library="default.py">
		<provides>video</provides>
  </extension>
  <extension point="xbmc.addon.metadata">
  <summary>fMovie</summary>
	<description lang="en">This is a brand new addon for fmovies.to</description>
	<disclaimer lang="en">This addon doesn't host any content</disclaimer>
  <news>[B]Version 1.0.0 - 23 June 2018[/B] - Initial Release, need to fix (lastest episode not playing) issue</news>
	<platform>all</platform>
  </extension>
</addon>
